{
  "parent": "block/cube",
  "textures": {
    "down": "simple_hardcore_respawn:block/reinforced_deepslate_top",
    "up": "simple_hardcore_respawn:block/reinforced_deepslate_top",
    "north": "simple_hardcore_respawn:block/reinforced_deepslate_side",
    "east": "simple_hardcore_respawn:block/reinforced_deepslate_side",
    "south": "simple_hardcore_respawn:block/reinforced_deepslate_side",
    "west": "simple_hardcore_respawn:block/reinforced_deepslate_side",
    "particle": "simple_hardcore_respawn:block/reinforced_deepslate_top"
  },
  "render_type": "solid"
}