{
  "_fv": 69,
  "_type": "achievement",
  "definition": {
    "achievementName": "🎵Back One Day🎵",
    "achievementDescription": "Get respawned in Hardcore!",
    "achievementIcon": {
      "value": "CUSTOM:ReSpawner"
    },
    "background": "Default",
    "disableDisplay": false,
    "showPopup": true,
    "announceToChat": true,
    "hideIfNotCompleted": false,
    "rewardLoot": [],
    "rewardRecipes": [],
    "rewardFunction": "No function",
    "rewardXP": 100,
    "achievementType": "challenge",
    "parent": {
      "value": "adventure/totem_of_undying"
    },
    "triggerxml": "<xml xmlns=\"https://developers.google.com/blockly/xml\"><block type=\"advancement_trigger\" deletable=\"false\" x=\"40\" y=\"80\"><next><block type=\"custom_trigger\"></block></next></block></xml>"
  }
}