{
  "_fv": 69,
  "_type": "recipe",
  "definition": {
    "recipeType": "Crafting",
    "recipeRetstackSize": 1,
    "group": "",
    "cookingBookCategory": "MISC",
    "xpReward": 0.0,
    "cookingTime": 200,
    "craftingBookCategory": "MISC",
    "recipeShapeless": false,
    "recipeSlots": [
      {
        "value": "Items.IRON_INGOT"
      },
      {
        "value": "Blocks.DEEPSLATE"
      },
      {
        "value": "Items.IRON_INGOT"
      },
      {
        "value": "Items.RAW_IRON"
      },
      {
        "value": "Blocks.DIAMOND_BLOCK"
      },
      {
        "value": "Items.RAW_IRON"
      },
      {
        "value": "Items.IRON_INGOT"
      },
      {
        "value": "Blocks.DEEPSLATE"
      },
      {
        "value": "Items.IRON_INGOT"
      }
    ],
    "recipeReturnStack": {
      "value": "CUSTOM:ReSpawner"
    },
    "name": "re_spawner",
    "namespace": "mod"
  }
}